Workbook
Name NamedRange1: 'Spider Chart for Design'!$A$1:$A$4
Name NamedRange1: 'Copia de Spider Chart for Desig'!$A$1:$A$4

Sheet Main
B1: POTENTIAL DESIGN DOWN SELECT CRITERIA
B2: Potential Designs | C2: BioBloom (A) | D2: InfiniShop (B) | E2: AquaChain (C)
B3: Ability to meet requirements | C3: 3 | D3: 3 | E3: 4
B4: Design Quality | C4: 3 | D4: 2 | E4: 5
B5: Performance | C5: 3 | D5: 4 | E5: 5 | H5: Legend
B6: Reliability | C6: 4 | D6: 3 | E6: 4 | G6: 1 | H6: Low
B7: Features | C7: 3 | D7: 4 | E7: 5 | G7: 2
B8: Compliance to Specifications | C8: 3 | D8: 4 | E8: 5 | G8: 3 | H8: Medium
B9: Durability | C9: 4 | D9: 3 | E9: 4 | G9: 4
B10: Serviceability | C10: 2 | D10: 3 | E10: 4 | G10: 5 | H10: High
B11: Visual appeal | C11: 4 | D11: 4 | E11: 3
B12: Perception | C12: 4 | D12: 4 | E12: 3
H13: The rationale behind the numerical ratings for each concept across various parameters is based on their perceived strengths and challenges derived from the descriptions and analyses provided:
B15: Inputs | H15: - BioBloom (A): Rated highly across most parameters due to its innovative approach to healthcare, enhancing patient convenience, reliability, and compliance with healthcare standards. The high ratings reflect its potential to significantly improve healthcare delivery and patient outcomes.
B16: Availablity of materials | C16: 3 | D16: 5 | E16: 3
B17: Cost of materials | C17: 5 | D17: 2 | E17: 3 | H17: - InfiniShop (B): Receives moderate to high ratings, recognizing its innovative use of AR technology to enhance online shopping experiences. It scores lower in reliability and serviceability due to potential technological complexities and user adoption barriers. Higher input costs reflect the investment in AR/VR technology.
B18: SW | C18: 3 | D18: 5 | E18: 3
B19: Tooling | C19: 5 | D19: 2 | E19: 3 | H19: - AquaChain (C): Scores highly in areas related to its innovative use of blockchain for water management, indicating strong performance, reliability, and impact on sustainability. It has high infrastructure readiness but faces challenges in logistics and distribution, affecting its ratings in those areas.
B20: Equipment (Complexity) | C20: 5 | D20: 2 | E20: 3
B21: Facilities (Complexity) | C21: 5 | D21: 2 | E21: 5 | H21: These ratings consider the concepts' potential impact, technological innovation, market readiness, and the challenges they might face in implementation and adoption.
B22: Staff (Complexity) | C22: 5 | D22: 3 | E22: 5
B23: Cost of Inputs | C23: 5 | D23: 2 | E23: 5
B24: (Others)
B26: Transformation | C26: BioBloom (A) | D26: InfiniShop (B) | E26: AquaChain (C)
B27: Manufacturability | C27: 5 | D27: 3 | E27: 5
B28: Ease of Integration | C28: 5 | D28: 3 | E28: 5
B29: Management competency | C29: 4 | D29: 4 | E29: 4
B30: Staff competency | C30: 5 | D30: 3 | E30: 5
B31: Infrastructure Readiness | C31: 4 | D31: 3 | E31: 5
B32: Cost of manufacturing | C32: 3 | D32: 4 | E32: 3
B33: (others)
B35: Output
B36: Transportability | C36: 3 | D36: 2 | E36: 5
B37: Logistics | C37: 3 | D37: 5 | E37: 5
B38: Infrastructure | C38: 3 | D38: 5 | E38: 5
B39: Distribution Channels | C39: 3 | D39: 2 | E39: 5
B40: Cost of Maintenance | C40: 5 | D40: 2 | E40: 3
B41: Customer lifecycle cost | C41: 3 | D41: 2 | E41: 5
B42: Manufacturer lifecycle cost | C42: 3 | D42: 3 | E42: 5
B43: (Others) | C43: 5 | D43: 3 | E43: 5

Sheet Average
C4: Potential Designs | D4: BioBloom (A) | E4: InfiniShop (B) | F4: AquaChain (C)
C5: Ability to meet requirements | D5: =Main!C3 -> 3 | E5: =Main!D3 -> 3 | F5: =Main!E3 -> 4
C6: Design Quality | D6: =Main!C4 -> 3 | E6: =Main!D4 -> 2 | F6: =Main!E4 -> 5
C7: Performance | D7: =Main!C5 -> 3 | E7: =Main!D5 -> 4 | F7: =Main!E5 -> 5
C8: Reliability | D8: =Main!C6 -> 4 | E8: =Main!D6 -> 3 | F8: =Main!E6 -> 4
C9: Features | D9: =Main!C7 -> 3 | E9: =Main!D7 -> 4 | F9: =Main!E7 -> 5
C10: Compliance to Specifications | D10: =Main!C8 -> 3 | E10: =Main!D8 -> 4 | F10: =Main!E8 -> 5
C11: Durability | D11: =Main!C9 -> 4 | E11: =Main!D9 -> 3 | F11: =Main!E9 -> 4
C12: Serviceability | D12: =Main!C10 -> 2 | E12: =Main!D10 -> 3 | F12: =Main!E10 -> 4
C13: Visual appeal | D13: =Main!C11 -> 4 | E13: =Main!D11 -> 4 | F13: =Main!E11 -> 3
C14: Perception | D14: =Main!C12 -> 4 | E14: =Main!D12 -> 4 | F14: =Main!E12 -> 3
C15: Average | D15: =AVERAGE(D5:D14) -> 3.3 | E15: =AVERAGE(E5:E14) -> 3.4 | F15: =AVERAGE(F5:F14) -> 4.2
I17: Cost Comparison | J17: BioBloom (A) | K17: InfiniShop (B) | L17: AquaChain (C)
C18: Inputs | I18: Cost of materials | J18: 5 | K18: 2 | L18: 3
C19: Availablity of materials | D19: 3 | E19: 5 | F19: 3 | I19: Cost of Inputs | J19: 5 | K19: 2 | L19: 5
C20: SW | D20: 3 | E20: 5 | F20: 3 | I20: Cost of manufacturing | J20: 3 | K20: 4 | L20: 3
C21: Tooling | D21: 5 | E21: 2 | F21: 3 | I21: Cost of Maintenance | J21: 5 | K21: 2 | L21: 3
C22: Average | D22: =AVERAGE(D19:D21) -> 3.6666667 | E22: =AVERAGE(E19:E21) -> 4 | F22: =AVERAGE(F19:F21) -> 3 | I22: Customer lifecycle cost | J22: 3 | K22: 2 | L22: 5
I23: Manufacturer lifecycle cost | J23: 3 | K23: 3 | L23: 5
C24: Transformation | D24: BioBloom (A) | E24: InfiniShop (B) | F24: AquaChain (C) | I24: Average | J24: =AVERAGE(J18:J23) -> 4 | K24: =AVERAGE(K18:K23) -> 2.5 | L24: =AVERAGE(L18:L23) -> 4
C25: Manufacturability | D25: 5 | E25: 3 | F25: 5
C26: Ease of Integration | D26: 5 | E26: 3 | F26: 5
C27: Management competency | D27: 4 | E27: 4 | F27: 4
C28: Staff competency | D28: 5 | E28: 3 | F28: 5 | I28: Complexity | J28: BioBloom (A) | K28: InfiniShop (B) | L28: AquaChain (C)
C29: Infrastructure Readiness | D29: 4 | E29: 3 | F29: 5 | I29: Equipment (Complexity) | J29: 5 | K29: 2 | L29: 3
C30: Average | D30: =AVERAGE(D25:D29) -> 4.6 | E30: =AVERAGE(E25:E29) -> 3.2 | F30: =AVERAGE(F25:F29) -> 4.8 | I30: Facilities (Complexity) | J30: 5 | K30: 2 | L30: 5
I31: Staff (Complexity) | J31: 5 | K31: 3 | L31: 5
C32: Output | I32: Average | J32: =AVERAGE(J29:J31) -> 5 | K32: =AVERAGE(K29:K31) -> 2.3333333 | L32: =AVERAGE(L29:L31) -> 4.3333333
C33: Transportability | D33: 3 | E33: 2 | F33: 5
C34: Logistics | D34: 3 | E34: 5 | F34: 5
C35: Infrastructure | D35: 3 | E35: 5 | F35: 5
C36: Distribution Channels | D36: 3 | E36: 2 | F36: 5
C37: Miscellaneous | D37: 5 | E37: 3 | F37: 5
C38: AVERAGE | D38: =AVERAGE(D33:D37) -> 3.4 | E38: =AVERAGE(E33:E37) -> 3.4 | F38: =AVERAGE(F33:F37) -> 5

Sheet Spider Chart

Sheet Spider Chart for Design

Sheet Copia de Spider Chart for Desig
